
{
  "templateFilePath": "SuiteScripts/WMS TS/SuiteSPA Foundation/SuiteSPA_Foundation.html",
  "computedFilePath": "SuiteScripts/WMS TS/SuiteSPA Foundation/SuiteSPA_Foundation_Computed.html",
  "computeType": "RECOMPUTE",
  "configuration": {
    "files": [
      { "reference": "fundationjs",
        "file": "SuiteScripts/WMS TS/SuiteSPA Foundation/SuiteSPA_Foundation.js" },
      { "reference": "fundationcss",
        "file": "SuiteScripts/WMS TS/SuiteSPA Foundation/SuiteSPA_Foundation.css" },
      { "reference": "SuiteSPA_Solution_RFLabelPrintingJS",
        "file": "SuiteScripts/WMS TS/RF Label Printing/SuiteSPA_Solution_RFLabelPrinting.js" },
      { "reference": "SuiteSPA_Solution_RFLabelPrintingCSS",
        "file": "SuiteScripts/WMS TS/RF Label Printing/SuiteSPA_Solution_RFLabelPrinting.css" }
    ],
    "substitutions": {
      "dinamicheader": "<link ref=\"SuiteSPA_Solution_RFLabelPrinting.css\" rel=\"stylesheet\" href=\"{SuiteSPA_Solution_RFLabelPrintingCSS}\"> <script ref=\"SuiteSPA_Solution_RFLabelPrinting.js\" src=\"{SuiteSPA_Solution_RFLabelPrintingJS}\"></script>",
      "workflowstep": "Store.defaults.firstWorkflowStep = 'RFLabelPrintingMenu'",
      "debug": true
    }
  }
}